<?xml version="1.0" encoding="UTF-8" standalone="yes"?>
<inventory>
<sku code="1R-0716"/>

<sku code="232323"/>

<sku code="250HR_PMKIT"/>

<sku code="396-6500"/>

<sku code="5P-0960"/>

<sku code="77E0862"/>

<sku code="AU_POWER_ADAPTER"/>

<sku code="J929-YL"/>

<sku code="J930-PK"/>

<sku code="VERSTRI_CHARGING_SESSION_HALF"/>

<sku code="VERSTRI_CHARGING_SESSION_QUICK"/>

<sku code="VESTRI_1-18_SCALE_DIECAST_P85_MODEL"/>

<sku code="VESTRI_19_CYCLONE_WHEEL_WINTER_PACKAGE"/>

<sku code="VESTRI_19_PIRELLI_WINTER_SOTTOZERO_240"/>

<sku code="VESTRI_19_SLIPSTREAM_WINTER_PACKAGE_SILVER"/>

<sku code="VESTRI_20_HELIX_WHEEL_WINTER_PACKAGE"/>

<sku code="VESTRI_20_SLIPSTREAM_WHEEL_WINTER_PACKAGE"/>

<sku code="VESTRI_21_CONTINENTAL_SPORT_CONTACT_5"/>

<sku code="VESTRI_21_PIRELLI_WINTER_SOTTOZERO_3"/>

<sku code="VESTRI_21_TURBINE_WHEEL_PACKAGE_GRAY"/>

<sku code="VESTRI_21_TURBINE_WHEEL_PACKAGE_SILVER"/>

<sku code="VESTRI_21_TURBINE_WHEEL_PACKAGE_WINTER_SILVER"/>

<sku code="VESTRI_3_YR_PREPAID_SERVICE"/>

<sku code="VESTRI_4_YR_PREPAID_SERVICE"/>

<sku code="VESTRI_8_YR_PREPAID_SERVICE"/>

<sku code="VESTRI_AUTO_DRIVE_12_MONTH"/>

<sku code="VESTRI_AUTO_DRIVE_1_MONTH"/>

<sku code="VESTRI_BIB_SHORT_LADIES_LG"/>

<sku code="VESTRI_BIB_SHORT_LADIES_MD"/>

<sku code="VESTRI_BIB_SHORT_LADIES_SM"/>

<sku code="VESTRI_CABLE_ORGANIZER"/>

<sku code="VESTRI_CHADEMO_ADAPTER"/>

<sku code="VESTRI_CHARGING_SESSION_FULL"/>

<sku code="VESTRI_CORDED_MOBILE_CONNECTOR"/>

<sku code="VESTRI_CORSICANA_TOTE"/>

<sku code="VESTRI_DUAL_CHARGER_W_INSTALLATION"/>

<sku code="VESTRI_ENABLE_SUPERCHARGING"/>

<sku code="VESTRI_GOLF_BAG"/>

<sku code="VESTRI_GOLF_BALLS"/>

<sku code="VESTRI_KIDS_PUFFER_JACKET_SV_2T"/>

<sku code="VESTRI_KIDS_PUFFER_JACKET_SV_4T"/>

<sku code="VESTRI_KIDS_PUFFER_JACKET_SV_6"/>

<sku code="VESTRI_KIDS_RED_CHECKERED_TEE_RD_2T"/>

<sku code="VESTRI_KIDS_RED_CHECKERED_TEE_RD_4T"/>

<sku code="VESTRI_KIDS_RED_CHECKERED_TEE_RD_6"/>

<sku code="VESTRI_KIDS_RED_CHECKERED_TEE_WH_2T"/>

<sku code="VESTRI_KIDS_RED_CHECKERED_TEE_WH_4T"/>

<sku code="VESTRI_KIDS_RED_CHECKERED_TEE_WH_6"/>

<sku code="VESTRI_KIDS_SS_HANLEY_GR_2T"/>

<sku code="VESTRI_KIDS_SS_HANLEY_GR_4T"/>

<sku code="VESTRI_KIDS_SS_HANLEY_GR_6"/>

<sku code="VESTRI_LIQUID_METAL_VISOR_CH"/>

<sku code="VESTRI_LOGO_FITTED_HAT_BK"/>

<sku code="VESTRI_MENS_ATHLETIC_SHORT_GR_LG"/>

<sku code="VESTRI_MENS_ATHLETIC_SHORT_GR_MD"/>

<sku code="VESTRI_MENS_ATHLETIC_SHORT_GR_SM"/>

<sku code="VESTRI_MENS_ATHLETIC_TSHIRT_GR_LG"/>

<sku code="VESTRI_MENS_ATHLETIC_TSHIRT_GR_MD"/>

<sku code="VESTRI_MENS_ATHLETIC_TSHIRT_GR_SM"/>

<sku code="VESTRI_MENS_ATHLETIC_TSHIRT_GR_XL"/>

<sku code="VESTRI_MENS_GRILLE_TSHIRT_LG_BK"/>

<sku code="VESTRI_MENS_GRILLE_TSHIRT_MD_BK"/>

<sku code="VESTRI_MENS_GRILLE_TSHIRT_SM_BK"/>

<sku code="VESTRI_MENS_LONG_SLEEVE_HANLEY_CH_LG"/>

<sku code="VESTRI_MENS_LONG_SLEEVE_HANLEY_CH_MD"/>

<sku code="VESTRI_MENS_LONG_SLEEVE_HANLEY_CH_SM"/>

<sku code="VESTRI_MENS_LONG_SLEEVE_HANLEY_CH_XL"/>

<sku code="VESTRI_MENS_MODEL_X_POLO_GR_LG"/>

<sku code="VESTRI_MENS_MODEL_X_POLO_GR_MD"/>

<sku code="VESTRI_MENS_MODEL_X_POLO_GR_SM"/>

<sku code="VESTRI_MENS_MODEL_X_POLO_GR_XL"/>

<sku code="VESTRI_MENS_SOFT_SHELL_JACKET_BK_LG"/>

<sku code="VESTRI_MENS_SOFT_SHELL_JACKET_BK_MD"/>

<sku code="VESTRI_MENS_SOFT_SHELL_JACKET_BK_SM"/>

<sku code="VESTRI_MENS_SOFT_SHELL_JACKET_BK_XL"/>

<sku code="VESTRI_MENS_SOFT_SHELL_JACKET_RD_LG"/>

<sku code="VESTRI_MENS_SOFT_SHELL_JACKET_RD_MD"/>

<sku code="VESTRI_MENS_SOFT_SHELL_JACKET_RD_SM"/>

<sku code="VESTRI_MENS_SOFT_SHELL_JACKET_RD_XL"/>

<sku code="VESTRI_MENS_SS_HANLEY_CH_LG"/>

<sku code="VESTRI_MENS_SS_HANLEY_CH_MD"/>

<sku code="VESTRI_MENS_SS_HANLEY_CH_SM"/>

<sku code="VESTRI_MENS_SS_HANLEY_CH_XL"/>

<sku code="VESTRI_MENS_TECH_VEST_GR_LG"/>

<sku code="VESTRI_MENS_TECH_VEST_GR_MD"/>

<sku code="VESTRI_MENS_TECH_VEST_GR_SM"/>

<sku code="VESTRI_MENS_TECH_VEST_GR_XL"/>

<sku code="VESTRI_MENS_TOUCH_SCREEN_GLOVES"/>

<sku code="VESTRI_MENS_VESTRI_BIB_SHORT_LG"/>

<sku code="VESTRI_MENS_VESTRI_BIB_SHORT_SM"/>

<sku code="VESTRI_MENS_VESTRI_POLO_LOGO_BK_LG"/>

<sku code="VESTRI_MENS_VESTRI_POLO_LOGO_BK_MD"/>

<sku code="VESTRI_MENS_VESTRI_POLO_LOGO_BK_SM"/>

<sku code="VESTRI_MENS_VESTRI_POLO_LOGO_BK_XL"/>

<sku code="VESTRI_MENS_VESTRI_POLO_LOGO_HG_LG"/>

<sku code="VESTRI_MENS_VESTRI_POLO_LOGO_HG_MD"/>

<sku code="VESTRI_MENS_VESTRI_POLO_LOGO_HG_SM"/>

<sku code="VESTRI_MENS_VESTRI_POLO_LOGO_HG_XL"/>

<sku code="VESTRI_MENS_VESTR_BIB_SHORT_MD"/>

<sku code="VESTRI_MOBILE_CONNECTOR_BUNDLE"/>

<sku code="VESTRI_MODEL_S_RED_BRAKE_CALIPER"/>

<sku code="VESTRI_MODEL_S_SNOWCHAIN_TRAK_SPORT"/>

<sku code="VESTRI_MODEL_X_FOR_KIDS"/>

<sku code="VESTRI_MODEL_X_HAT_GR"/>

<sku code="VESTRI_MODEL_X_RED_BRAKE_CALIPER_SET"/>

<sku code="VESTRI_MODEL_X_SNOW_CHAIN_TRAK_4X4"/>

<sku code="VESTRI_NEMA_14-30"/>

<sku code="VESTRI_NEMA_14-50"/>

<sku code="VESTRI_RACE_CUT_JERSEY_LADIES_LG"/>

<sku code="VESTRI_RACE_CUT_JERSEY_LADIES_MD"/>

<sku code="VESTRI_RACE_CUT_JERSEY_LADIES_SM"/>

<sku code="VESTRI_RACE_CUT_JERSEY_LADIES_XS"/>

<sku code="VESTRI_RACE_CUT_JERSEY_MENS_LG"/>

<sku code="VESTRI_RACE_CUT_JERSEY_MENS_MD"/>

<sku code="VESTRI_RACE_CUT_JERSEY_MENS_SM"/>

<sku code="VESTRI_RACE_CUT_JERSEY_MENS_XL"/>

<sku code="VESTRI_ROADSTER_3.0_BATTERY_UPGRADE"/>

<sku code="VESTRI_ROADSTER_ADJUSTABLE_SUSPENSION_KIT"/>

<sku code="VESTRI_ROADSTER_BLACK_FORGED_WHEEL_SET"/>

<sku code="VESTRI_ROADSTER_CARBON_FIBER_AIR_DIFUSER"/>

<sku code="VESTRI_ROADSTER_CARBON_FIBER_CENTER_CONSOLE_TRIM"/>

<sku code="VESTRI_ROADSTER_CARBON_FIBER_DOOR_SILLS"/>

<sku code="VESTRI_ROADSTER_CARBON_FIBER_HARDTOP"/>

<sku code="VESTRI_ROADSTER_CARBON_FIBER_HOOD_PANELS"/>

<sku code="VESTRI_ROADSTER_CARBON_FIBER_SPOILER"/>

<sku code="VESTRI_ROADSTER_CARBON_FIBER_UPPER_DOOR_SILLS"/>

<sku code="VESTRI_ROADSTER_CARBON_FIBRE_INSTRUMENT_BINNACLE"/>

<sku code="VESTRI_ROADSTER_CAR_COVER"/>

<sku code="VESTRI_ROADSTER_CAST_ALUMINUM_WHEEL_SET"/>

<sku code="VESTRI_ROADSTER_EXTERIOR_CARBON_FIBER_KIT"/>

<sku code="VESTRI_ROADSTER_HIGH_POWER_WALL_CONNECTOR"/>

<sku code="VESTRI_ROADSTER_INTERIOR_CARBON_FIBER_KIT"/>

<sku code="VESTRI_ROADSTER_SPARE_CABLE"/>

<sku code="VESTRI_ROADSTER_UNIVERSAL_ADAPTERS"/>

<sku code="VESTRI_ROADSTER_UNIVERSAL_MOBILE_CONNECTOR"/>

<sku code="VESTRI_ROADSTER_XENON_HEADLAMP_RETROFIT"/>

<sku code="VESTRI_SAE_J1772"/>

<sku code="VESTRI_STAINLESS_STEEL_WATER_BOTTLE"/>

<sku code="VESTRI_STRUCTURED_HAT_WH"/>

<sku code="VESTRI_TIRE_REPAIR_KIT"/>

<sku code="VESTRI_TRANSPONDER_407_1_MONTH"/>

<sku code="VESTRI_TRANSPONDER_407_6_MONTH"/>

<sku code="VESTRI_WALL_CONNECTOR_24_CABLE"/>

<sku code="VESTRI_WALL_CONNECTOR_8.5_CABLE"/>

<sku code="VESTRI_WHEEL_LOCK_SET"/>

<sku code="VESTRI_WOMENS_ATHLETIC_TANK_LG_GR"/>

<sku code="VESTRI_WOMENS_ATHLETIC_TANK_MD_GR"/>

<sku code="VESTRI_WOMENS_ATHLETIC_TANK_SM_GR"/>

<sku code="VESTRI_WOMENS_ATHLETIC_TANK_XS_GR"/>

<sku code="VESTRI_WOMENS_MODEL_X_POLO_GR_LG"/>

<sku code="VESTRI_WOMENS_MODEL_X_POLO_GR_MD"/>

<sku code="VESTRI_WOMENS_MODEL_X_POLO_GR_SM"/>

<sku code="VESTRI_WOMENS_MODEL_X_POLO_GR_XS"/>

<sku code="VESTRI_WOMENS_MODEL_X_TEE_WH_LG"/>

<sku code="VESTRI_WOMENS_MODEL_X_TEE_WH_MD"/>

<sku code="VESTRI_WOMENS_MODEL_X_TEE_WH_SM"/>

<sku code="VESTRI_WOMENS_MODEL_X_TEE_WH_XS"/>

<sku code="VESTRI_WOMENS_MODENA_LEATHER_JACKET_BK_LG"/>

<sku code="VESTRI_WOMENS_MODENA_LEATHER_JACKET_BK_MD"/>

<sku code="VESTRI_WOMENS_MODENA_LEATHER_JACKET_BK_SM"/>

<sku code="VESTRI_WOMENS_MODENA_LEATHER_JACKET_BK_XS"/>

<sku code="VESTRI_WOMENS_VESTRI_LOGO_POLO_BK_LG"/>

<sku code="VESTRI_WOMENS_VESTRI_LOGO_POLO_BK_MD"/>

<sku code="VESTRI_WOMENS_VESTRI_LOGO_POLO_BK_SM"/>

<sku code="VESTRI_WOMENS_VESTRI_LOGO_POLO_BK_XS"/>

<sku code="VESTRI_WOMENS_VESTRI_LOGO_POLO_HG_LG"/>

<sku code="VESTRI_WOMENS_VESTRI_LOGO_POLO_HG_MD"/>

<sku code="VESTRI_WOMENS_VESTRI_LOGO_POLO_HG_SM"/>

<sku code="VESTRI_WOMENS_VESTRI_LOGO_POLO_HG_XS"/>

<sku code="VESTRI_WOMENS_WHITE_CORP_JACKET_WH_LG"/>

<sku code="VESTRI_WOMENS_WHITE_CORP_JACKET_WH_MD"/>

<sku code="VESTRI_WOMENS_WHITE_CORP_JACKET_WH_SM"/>

<sku code="VESTRI_WOMENS_WHITE_CORP_JACKET_WH_XS"/>

<sku code="VESTRI_WORDMARK_FITTED_HAT_RD"/>

<sku code="VESTRI_XM_RADIO_ADDON_12_MONTH"/>

<sku code="VESTRI_XM_RADIO_ADDON_1_MONTH"/>

<sku code="VESTRI_Y1_ANNUAL_INSPECTION"/>

<sku code="VESTRI_Y2_ANNUAL_INSPECTION"/>

<sku code="VESTRI_Y3_ANNUAL_INSPECTION"/>

<sku code="VESTRI_Y4_ANNUAL_INSPECTION"/>

<sku code="Y773-GY"/>

<sku code="vestri_coffee_medium_latte"/>
</inventory>