<?xml version="1.0" encoding="UTF-8" standalone="yes"?>
<payment_providers>
<store_payment_provider_configuration store_code="VESTRI" guid="c1df87fd-7f44-4db6-bacb-f479f8fd27ae" default_payment_method_id="SAVEABLE_PAYMENT_ID">
    <payment_provider_configurations guid="7c7a8451-2363-4984-8b4e-0f3fe934e6c2">
        <payment_provider_configuration guid="b4ef0334-3c55-495d-a5a4-8658042f82e8">
            <payment_provider_id>nullPaymentPlugin</payment_provider_id>
            <accepted_payment_methods_ids>
                <accepted_payment_method>SAVEABLE_PAYMENT_ID</accepted_payment_method>
            </accepted_payment_methods_ids>
            <config_data/>
        </payment_provider_configuration>
    </payment_provider_configurations>
</store_payment_provider_configuration>
</payment_providers>