<?xml version="1.0" encoding="UTF-8" standalone="yes"?>
<manifest>
    <version>6.0</version>
    <resource>tax_codes.xml</resource>
    <resource>tax_jurisdictions.xml</resource>
    <resource>warehouses.xml</resource>
    <resource>modifiergroups.xml</resource>
    <resource>catalogs.xml</resource>
    <resource>modifiergroupfilters.xml</resource>
    <resource>categories.xml</resource>
    <resource>stores.xml</resource>
    <resource>store_associations.xml</resource>
    <resource>customerprofile_attributes.xml</resource>
    <resource>customers.xml</resource>
    <resource>gift_certificates.xml</resource>
    <resource>products.xml</resource>
    <resource>bundles.xml</resource>
    <resource>productcategoryassociations.xml</resource>
    <resource>promotions.xml</resource>
    <resource>condition_rules.xml</resource>
    <resource>coupon_sets.xml</resource>
    <resource>pricing.xml</resource>
    <resource>inventory.xml</resource>
    <resource>productassociations.xml</resource>
    <resource>saved_conditions.xml</resource>
    <resource>price_lists.xml</resource>
    <resource>price_list_assignments.xml</resource>
    <resource>amounts.xml</resource>
    <resource>shipping_regions.xml</resource>
    <resource>shipping_service_levels.xml</resource>
    <resource>cmimportjobs.xml</resource>
</manifest>
