<?xml version="1.0" encoding="UTF-8" standalone="yes"?>
<cmimportjobs>
<cmimportjob guid="241eaace-e380-478b-9034-630828fcbd3a">
    <name>Categories</name>
    <csv_file_name>fileupload_238227403821095720/categories.csv</csv_file_name>
    <col_delimeter>,</col_delimeter>
    <text_qualifier>"</text_qualifier>
    <data_type_name>Category - Category</data_type_name>
    <import_type_id>1</import_type_id>
    <max_allow_errors>0</max_allow_errors>
    <catalogue_guid>BelleVieMasterCatalog</catalogue_guid>
    <mappings>
        <mapping>
            <col_number>4</col_number>
            <import_field_name>displayName(de_AT)</import_field_name>
        </mapping>
        <mapping>
            <col_number>4</col_number>
            <import_field_name>displayName(pt)</import_field_name>
        </mapping>
        <mapping>
            <col_number>4</col_number>
            <import_field_name>displayName(it)</import_field_name>
        </mapping>
        <mapping>
            <col_number>4</col_number>
            <import_field_name>displayName(en)</import_field_name>
        </mapping>
        <mapping>
            <col_number>3</col_number>
            <import_field_name>categoryCode</import_field_name>
        </mapping>
        <mapping>
            <col_number>4</col_number>
            <import_field_name>displayName(nl)</import_field_name>
        </mapping>
        <mapping>
            <col_number>4</col_number>
            <import_field_name>displayName(de_CH)</import_field_name>
        </mapping>
        <mapping>
            <col_number>4</col_number>
            <import_field_name>displayName(de_DE)</import_field_name>
        </mapping>
        <mapping>
            <col_number>4</col_number>
            <import_field_name>displayName(en_AU)</import_field_name>
        </mapping>
        <mapping>
            <col_number>4</col_number>
            <import_field_name>displayName(en_GB)</import_field_name>
        </mapping>
        <mapping>
            <col_number>4</col_number>
            <import_field_name>displayName(fr_CH)</import_field_name>
        </mapping>
        <mapping>
            <col_number>4</col_number>
            <import_field_name>displayName(es)</import_field_name>
        </mapping>
        <mapping>
            <col_number>4</col_number>
            <import_field_name>displayName(fr_CA)</import_field_name>
        </mapping>
        <mapping>
            <col_number>4</col_number>
            <import_field_name>displayName(it_CH)</import_field_name>
        </mapping>
        <mapping>
            <col_number>4</col_number>
            <import_field_name>displayName(nl_NL)</import_field_name>
        </mapping>
        <mapping>
            <col_number>4</col_number>
            <import_field_name>displayName(en_CA)</import_field_name>
        </mapping>
        <mapping>
            <col_number>4</col_number>
            <import_field_name>displayName(en_US)</import_field_name>
        </mapping>
        <mapping>
            <col_number>4</col_number>
            <import_field_name>displayName(es_ES)</import_field_name>
        </mapping>
        <mapping>
            <col_number>4</col_number>
            <import_field_name>displayName(de_LU)</import_field_name>
        </mapping>
        <mapping>
            <col_number>4</col_number>
            <import_field_name>displayName(de)</import_field_name>
        </mapping>
        <mapping>
            <col_number>4</col_number>
            <import_field_name>displayName(it_IT)</import_field_name>
        </mapping>
        <mapping>
            <col_number>4</col_number>
            <import_field_name>displayName(fr_LU)</import_field_name>
        </mapping>
        <mapping>
            <col_number>4</col_number>
            <import_field_name>displayName(fr_BE)</import_field_name>
        </mapping>
        <mapping>
            <col_number>4</col_number>
            <import_field_name>displayName(en_NZ)</import_field_name>
        </mapping>
        <mapping>
            <col_number>4</col_number>
            <import_field_name>displayName(fr)</import_field_name>
        </mapping>
        <mapping>
            <col_number>4</col_number>
            <import_field_name>displayName(pt_PT)</import_field_name>
        </mapping>
        <mapping>
            <col_number>5</col_number>
            <import_field_name>parentCategoryCode</import_field_name>
        </mapping>
        <mapping>
            <col_number>4</col_number>
            <import_field_name>displayName(nl_BE)</import_field_name>
        </mapping>
    </mappings>
</cmimportjob>

<cmimportjob guid="285d9010-2a52-4d7f-9114-c4a235c7de12">
    <name>PS Update Attributes</name>
    <csv_file_name>fileupload_5208763085618859721/prestige.csv</csv_file_name>
    <col_delimeter>,</col_delimeter>
    <text_qualifier>"</text_qualifier>
    <data_type_name>ProductSku - LIMITED EDITION PRODUCT</data_type_name>
    <import_type_id>2</import_type_id>
    <max_allow_errors>0</max_allow_errors>
    <catalogue_guid>BelleVieMasterCatalog</catalogue_guid>
    <mappings>
        <mapping>
            <col_number>9</col_number>
            <import_field_name>productCallout(en)</import_field_name>
        </mapping>
        <mapping>
            <col_number>7</col_number>
            <import_field_name>WEB_TS_FULLCERAMIC(en_GB)</import_field_name>
        </mapping>
        <mapping>
            <col_number>9</col_number>
            <import_field_name>productCallout(en_GB)</import_field_name>
        </mapping>
        <mapping>
            <col_number>2</col_number>
            <import_field_name>WEB_TS_3WAYSAFE(en)</import_field_name>
        </mapping>
        <mapping>
            <col_number>8</col_number>
            <import_field_name>WEB_TS_GRNDCONTAIN(en_GB)</import_field_name>
        </mapping>
        <mapping>
            <col_number>6</col_number>
            <import_field_name>WEB_FL_GROUNDCOFF(en_GB)</import_field_name>
        </mapping>
        <mapping>
            <col_number>3</col_number>
            <import_field_name>WEB_TS_AUTOCLEAN(en_GB)</import_field_name>
        </mapping>
        <mapping>
            <col_number>5</col_number>
            <import_field_name>WEB_FL_LATTE(en_GB)</import_field_name>
        </mapping>
        <mapping>
            <col_number>4</col_number>
            <import_field_name>WEB_TS_CAPACITY(en_GB)</import_field_name>
        </mapping>
        <mapping>
            <col_number>2</col_number>
            <import_field_name>WEB_TS_3WAYSAFE(en_GB)</import_field_name>
        </mapping>
        <mapping>
            <col_number>1</col_number>
            <import_field_name>skuCode</import_field_name>
        </mapping>
    </mappings>
</cmimportjob>

<cmimportjob guid="DEFAULT_IMPORT_JOB_FOR_BASE_AMOUNT">
    <name>DEFAULT_IMPORT_JOB_FOR_BASE_AMOUNT</name>
    <csv_file_name>template.csv</csv_file_name>
    <col_delimeter>,</col_delimeter>
    <text_qualifier>"</text_qualifier>
    <data_type_name>Base Amount</data_type_name>
    <dependent_price_list_guid>null</dependent_price_list_guid>
    <import_type_id>1</import_type_id>
    <max_allow_errors>0</max_allow_errors>
    <mappings>
        <mapping>
            <col_number>7</col_number>
            <import_field_name>listPrice</import_field_name>
        </mapping>
        <mapping>
            <col_number>4</col_number>
            <import_field_name>skuCode</import_field_name>
        </mapping>
        <mapping>
            <col_number>3</col_number>
            <import_field_name>productCode</import_field_name>
        </mapping>
        <mapping>
            <col_number>8</col_number>
            <import_field_name>salePrice</import_field_name>
        </mapping>
        <mapping>
            <col_number>1</col_number>
            <import_field_name>type</import_field_name>
        </mapping>
        <mapping>
            <col_number>6</col_number>
            <import_field_name>quantity</import_field_name>
        </mapping>
    </mappings>
</cmimportjob>

<cmimportjob guid="IMPORT_JOB_FOR_COUPON_CODE">
    <name>Coupon Codes Import</name>
    <csv_file_name>template.csv</csv_file_name>
    <col_delimeter>,</col_delimeter>
    <text_qualifier>"</text_qualifier>
    <data_type_name>Coupon Code</data_type_name>
    <dependent_price_list_guid>null</dependent_price_list_guid>
    <import_type_id>1</import_type_id>
    <max_allow_errors>0</max_allow_errors>
    <mappings>
        <mapping>
            <col_number>1</col_number>
            <import_field_name>couponCode</import_field_name>
        </mapping>
    </mappings>
</cmimportjob>

<cmimportjob guid="IMPORT_JOB_FOR_COUPON_CODE_EMAIL">
    <name>Coupon Codes and Addresses Import</name>
    <csv_file_name>template.csv</csv_file_name>
    <col_delimeter>,</col_delimeter>
    <text_qualifier>"</text_qualifier>
    <data_type_name>Coupon Code And Email</data_type_name>
    <dependent_price_list_guid>null</dependent_price_list_guid>
    <import_type_id>1</import_type_id>
    <max_allow_errors>0</max_allow_errors>
    <mappings>
        <mapping>
            <col_number>1</col_number>
            <import_field_name>couponCode</import_field_name>
        </mapping>
        <mapping>
            <col_number>2</col_number>
            <import_field_name>emailAddress</import_field_name>
        </mapping>
    </mappings>
</cmimportjob>

<cmimportjob guid="d929eb6e-d213-47be-949f-e47a604fba38">
    <name>Product Name Update</name>
    <csv_file_name>fileupload_638743128439015445/products-display-names.csv</csv_file_name>
    <col_delimeter>,</col_delimeter>
    <text_qualifier>"</text_qualifier>
    <data_type_name>Product - PRODUCT</data_type_name>
    <import_type_id>2</import_type_id>
    <max_allow_errors>0</max_allow_errors>
    <catalogue_guid>BelleVieMasterCatalog</catalogue_guid>
    <mappings>
        <mapping>
            <col_number>2</col_number>
            <import_field_name>displayName(en)</import_field_name>
        </mapping>
        <mapping>
            <col_number>1</col_number>
            <import_field_name>productCode</import_field_name>
        </mapping>
        <mapping>
            <col_number>2</col_number>
            <import_field_name>displayName(en_GB)</import_field_name>
        </mapping>
    </mappings>
</cmimportjob>

<cmimportjob guid="parts-attributes-update">
    <name>Product Attributes</name>
    <csv_file_name>fileupload_91631105668511445/products-attributes.csv</csv_file_name>
    <col_delimeter>,</col_delimeter>
    <text_qualifier>"</text_qualifier>
    <data_type_name>ProductSku - PART</data_type_name>
    <import_type_id>2</import_type_id>
    <max_allow_errors>0</max_allow_errors>
    <catalogue_guid>BelleVieMasterCatalog</catalogue_guid>
    <mappings>
        <mapping>
            <col_number>160</col_number>
            <import_field_name>WEB_TS_CAPACITY(en_GB)</import_field_name>
        </mapping>
        <mapping>
            <col_number>184</col_number>
            <import_field_name>WEB_TS_HEIGHTCONT(en_GB)</import_field_name>
        </mapping>
        <mapping>
            <col_number>35</col_number>
            <import_field_name>WEB_FL_COLDSPIN(en_GB)</import_field_name>
        </mapping>
        <mapping>
            <col_number>4</col_number>
            <import_field_name>WEB_FL_080CQTCAP(en_GB)</import_field_name>
        </mapping>
        <mapping>
            <col_number>73</col_number>
            <import_field_name>WEB_FL_GRNJUICE(en_GB)</import_field_name>
        </mapping>
        <mapping>
            <col_number>92</col_number>
            <import_field_name>WEB_FL_MANTAMP(en_GB)</import_field_name>
        </mapping>
        <mapping>
            <col_number>171</col_number>
            <import_field_name>WEB_TS_EASYASSEMB(en_GB)</import_field_name>
        </mapping>
        <mapping>
            <col_number>75</col_number>
            <import_field_name>WEB_FL_GRNTEA(en_GB)</import_field_name>
        </mapping>
        <mapping>
            <col_number>225</col_number>
            <import_field_name>WEB_TS_SAFETY(en_GB)</import_field_name>
        </mapping>
        <mapping>
            <col_number>64</col_number>
            <import_field_name>WEB_FL_FROZDESS(en_GB)</import_field_name>
        </mapping>
        <mapping>
            <col_number>170</col_number>
            <import_field_name>WEB_TS_DUALSENSORS(en_GB)</import_field_name>
        </mapping>
        <mapping>
            <col_number>147</col_number>
            <import_field_name>WEB_TS_12HRCOOKING(en_GB)</import_field_name>
        </mapping>
        <mapping>
            <col_number>37</col_number>
            <import_field_name>WEB_FL_COMPSIZE(en_GB)</import_field_name>
        </mapping>
        <mapping>
            <col_number>188</col_number>
            <import_field_name>WEB_TS_LCD(en_GB)</import_field_name>
        </mapping>
        <mapping>
            <col_number>1</col_number>
            <import_field_name>skuCode</import_field_name>
        </mapping>
        <mapping>
            <col_number>85</col_number>
            <import_field_name>WEB_FL_LCD(en_GB)</import_field_name>
        </mapping>
        <mapping>
            <col_number>130</col_number>
            <import_field_name>WEB_FL_SMOOTH(en_GB)</import_field_name>
        </mapping>
        <mapping>
            <col_number>148</col_number>
            <import_field_name>WEB_TS_3WAYSAFE(en_GB)</import_field_name>
        </mapping>
        <mapping>
            <col_number>66</col_number>
            <import_field_name>WEB_FL_FUNCBAGEL(en_GB)</import_field_name>
        </mapping>
        <mapping>
            <col_number>207</col_number>
            <import_field_name>WEB_TS_PAUSE(en_GB)</import_field_name>
        </mapping>
        <mapping>
            <col_number>27</col_number>
            <import_field_name>WEB_FL_CAKE(en_GB)</import_field_name>
        </mapping>
        <mapping>
            <col_number>93</col_number>
            <import_field_name>WEB_FL_MANUALTEA(en_GB)</import_field_name>
        </mapping>
        <mapping>
            <col_number>192</col_number>
            <import_field_name>WEB_TS_LOADTECH(en_GB)</import_field_name>
        </mapping>
        <mapping>
            <col_number>168</col_number>
            <import_field_name>WEB_TS_DISHWASH(en_GB)</import_field_name>
        </mapping>
        <mapping>
            <col_number>243</col_number>
            <import_field_name>WEB_TS_WAFFLEIQ(en_GB)</import_field_name>
        </mapping>
        <mapping>
            <col_number>70</col_number>
            <import_field_name>WEB_FL_FUNCTOAST(en_GB)</import_field_name>
        </mapping>
        <mapping>
            <col_number>107</col_number>
            <import_field_name>WEB_FL_PREPLASTIC(en_GB)</import_field_name>
        </mapping>
        <mapping>
            <col_number>223</col_number>
            <import_field_name>WEB_TS_SAFEINTSYST(en_GB)</import_field_name>
        </mapping>
        <mapping>
            <col_number>72</col_number>
            <import_field_name>WEB_FL_GLSKET(en_GB)</import_field_name>
        </mapping>
        <mapping>
            <col_number>31</col_number>
            <import_field_name>WEB_FL_CHOPVEG(en_GB)</import_field_name>
        </mapping>
        <mapping>
            <col_number>55</col_number>
            <import_field_name>WEB_FL_ELEMIQ(en_GB)</import_field_name>
        </mapping>
        <mapping>
            <col_number>54</col_number>
            <import_field_name>WEB_FL_EASYSTORE(en_GB)</import_field_name>
        </mapping>
        <mapping>
            <col_number>83</col_number>
            <import_field_name>WEB_FL_KEEPWARM(en_GB)</import_field_name>
        </mapping>
        <mapping>
            <col_number>227</col_number>
            <import_field_name>WEB_TS_SCUPDETECT(en_GB)</import_field_name>
        </mapping>
        <mapping>
            <col_number>111</col_number>
            <import_field_name>WEB_FL_QUIET(en_GB)</import_field_name>
        </mapping>
        <mapping>
            <col_number>131</col_number>
            <import_field_name>WEB_FL_SOFTFRUIT(en_GB)</import_field_name>
        </mapping>
        <mapping>
            <col_number>158</col_number>
            <import_field_name>WEB_TS_BASE(en_GB)</import_field_name>
        </mapping>
        <mapping>
            <col_number>14</col_number>
            <import_field_name>WEB_FL_AUTOCLEAN(en_GB)</import_field_name>
        </mapping>
        <mapping>
            <col_number>174</col_number>
            <import_field_name>WEB_TS_EVENHEAT(en_GB)</import_field_name>
        </mapping>
        <mapping>
            <col_number>61</col_number>
            <import_field_name>WEB_FL_FRENCHFR(en_GB)</import_field_name>
        </mapping>
        <mapping>
            <col_number>238</col_number>
            <import_field_name>WEB_TS_TOASTCTRL(en_GB)</import_field_name>
        </mapping>
        <mapping>
            <col_number>137</col_number>
            <import_field_name>WEB_FL_SUPFINETEXT(en_GB)</import_field_name>
        </mapping>
        <mapping>
            <col_number>104</col_number>
            <import_field_name>WEB_FL_PERSBLEND(en_GB)</import_field_name>
        </mapping>
        <mapping>
            <col_number>60</col_number>
            <import_field_name>WEB_FL_FLATWHI(en_GB)</import_field_name>
        </mapping>
        <mapping>
            <col_number>150</col_number>
            <import_field_name>WEB_TS_ACCESSORIES(en_GB)</import_field_name>
        </mapping>
        <mapping>
            <col_number>222</col_number>
            <import_field_name>WEB_TS_REMOVABLEPOT(en_GB)</import_field_name>
        </mapping>
        <mapping>
            <col_number>167</col_number>
            <import_field_name>WEB_TS_CORDLESSJUG(en_GB)</import_field_name>
        </mapping>
        <mapping>
            <col_number>212</col_number>
            <import_field_name>WEB_TS_POUROVER(en_GB)</import_field_name>
        </mapping>
        <mapping>
            <col_number>74</col_number>
            <import_field_name>WEB_FL_GRNSMOOTH(en_GB)</import_field_name>
        </mapping>
        <mapping>
            <col_number>176</col_number>
            <import_field_name>WEB_TS_EXTRALARGE(en_GB)</import_field_name>
        </mapping>
        <mapping>
            <col_number>26</col_number>
            <import_field_name>WEB_FL_BURGERPAT(en_GB)</import_field_name>
        </mapping>
        <mapping>
            <col_number>129</col_number>
            <import_field_name>WEB_FL_SML(en_GB)</import_field_name>
        </mapping>
        <mapping>
            <col_number>52</col_number>
            <import_field_name>WEB_FL_DUALWIND(en_GB)</import_field_name>
        </mapping>
        <mapping>
            <col_number>228</col_number>
            <import_field_name>WEB_TS_SEALSTOREJUG(en_GB)</import_field_name>
        </mapping>
        <mapping>
            <col_number>9</col_number>
            <import_field_name>WEB_FL_1700ML(en_GB)</import_field_name>
        </mapping>
        <mapping>
            <col_number>34</col_number>
            <import_field_name>WEB_FL_COLDPRESS(en_GB)</import_field_name>
        </mapping>
        <mapping>
            <col_number>124</col_number>
            <import_field_name>WEB_FL_SLICEDISC(en_GB)</import_field_name>
        </mapping>
        <mapping>
            <col_number>57</col_number>
            <import_field_name>WEB_FL_EXTRAWIDE(en_GB)</import_field_name>
        </mapping>
        <mapping>
            <col_number>160</col_number>
            <import_field_name>~WEB_TS_CAPACITY(en_GB)</import_field_name>
        </mapping>
        <mapping>
            <col_number>149</col_number>
            <import_field_name>WEB_TS_ABITMORE(en_GB)</import_field_name>
        </mapping>
        <mapping>
            <col_number>105</col_number>
            <import_field_name>WEB_FL_PHASECOOK(en_GB)</import_field_name>
        </mapping>
        <mapping>
            <col_number>242</col_number>
            <import_field_name>WEB_TS_VOLTAGE(en_GB)</import_field_name>
        </mapping>
        <mapping>
            <col_number>53</col_number>
            <import_field_name>WEB_FL_EASYCLEAN(en_GB)</import_field_name>
        </mapping>
        <mapping>
            <col_number>79</col_number>
            <import_field_name>WEB_FL_HOTCHOC(en_GB)</import_field_name>
        </mapping>
        <mapping>
            <col_number>135</col_number>
            <import_field_name>WEB_FL_SUPERBLEND(en_GB)</import_field_name>
        </mapping>
        <mapping>
            <col_number>41</col_number>
            <import_field_name>WEB_FL_COUNTUPDOWN(en_GB)</import_field_name>
        </mapping>
        <mapping>
            <col_number>47</col_number>
            <import_field_name>WEB_FL_DICING(en_GB)</import_field_name>
        </mapping>
        <mapping>
            <col_number>22</col_number>
            <import_field_name>WEB_FL_BPA(en_GB)</import_field_name>
        </mapping>
        <mapping>
            <col_number>38</col_number>
            <import_field_name>WEB_FL_CONTROL(en_GB)</import_field_name>
        </mapping>
        <mapping>
            <col_number>48</col_number>
            <import_field_name>WEB_FL_DIPS(en_GB)</import_field_name>
        </mapping>
        <mapping>
            <col_number>161</col_number>
            <import_field_name>WEB_TS_CHUTESAFESYST(en_GB)</import_field_name>
        </mapping>
        <mapping>
            <col_number>162</col_number>
            <import_field_name>WEB_TS_COLDSPIN(en_GB)</import_field_name>
        </mapping>
        <mapping>
            <col_number>205</col_number>
            <import_field_name>WEB_TS_OVERLOADBUT(en_GB)</import_field_name>
        </mapping>
        <mapping>
            <col_number>197</col_number>
            <import_field_name>WEB_TS_MOTORPROT(en_GB)</import_field_name>
        </mapping>
        <mapping>
            <col_number>194</col_number>
            <import_field_name>WEB_TS_MILK(en_GB)</import_field_name>
        </mapping>
        <mapping>
            <col_number>25</col_number>
            <import_field_name>WEB_FL_BUILTGRIND(en_GB)</import_field_name>
        </mapping>
        <mapping>
            <col_number>165</col_number>
            <import_field_name>WEB_TS_CONVEC(en_GB)</import_field_name>
        </mapping>
        <mapping>
            <col_number>102</col_number>
            <import_field_name>WEB_FL_OOLTEA(en_GB)</import_field_name>
        </mapping>
        <mapping>
            <col_number>201</col_number>
            <import_field_name>WEB_TS_ONETOUCHMW(en_GB)</import_field_name>
        </mapping>
        <mapping>
            <col_number>178</col_number>
            <import_field_name>WEB_TS_FEATURES(en_GB)</import_field_name>
        </mapping>
        <mapping>
            <col_number>187</col_number>
            <import_field_name>WEB_TS_KNEADBLADE(en_GB)</import_field_name>
        </mapping>
        <mapping>
            <col_number>191</col_number>
            <import_field_name>WEB_TS_LEDPROG(en_GB)</import_field_name>
        </mapping>
        <mapping>
            <col_number>224</col_number>
            <import_field_name>WEB_TS_SAFELOCKARM(en_GB)</import_field_name>
        </mapping>
        <mapping>
            <col_number>68</col_number>
            <import_field_name>WEB_FL_FUNCPROOF(en_GB)</import_field_name>
        </mapping>
        <mapping>
            <col_number>18</col_number>
            <import_field_name>WEB_FL_AUTOTEA(en_GB)</import_field_name>
        </mapping>
        <mapping>
            <col_number>155</col_number>
            <import_field_name>WEB_TS_AUTOOFF(en_GB)</import_field_name>
        </mapping>
        <mapping>
            <col_number>231</col_number>
            <import_field_name>WEB_TS_SOFTOPEN(en_GB)</import_field_name>
        </mapping>
        <mapping>
            <col_number>13</col_number>
            <import_field_name>WEB_FL_AUTO(en_GB)</import_field_name>
        </mapping>
        <mapping>
            <col_number>209</col_number>
            <import_field_name>WEB_TS_PIDTEMPCTRL(en_GB)</import_field_name>
        </mapping>
        <mapping>
            <col_number>151</col_number>
            <import_field_name>WEB_TS_ARM(en_GB)</import_field_name>
        </mapping>
        <mapping>
            <col_number>125</col_number>
            <import_field_name>WEB_FL_SLICEVEG(en_GB)</import_field_name>
        </mapping>
        <mapping>
            <col_number>234</col_number>
            <import_field_name>WEB_TS_STEAMFUNC(en_GB)</import_field_name>
        </mapping>
        <mapping>
            <col_number>21</col_number>
            <import_field_name>WEB_FL_BOILWATER(en_GB)</import_field_name>
        </mapping>
        <mapping>
            <col_number>95</col_number>
            <import_field_name>WEB_FL_MELTS(en_GB)</import_field_name>
        </mapping>
        <mapping>
            <col_number>235</col_number>
            <import_field_name>WEB_TS_THERMOJETHS(en_GB)</import_field_name>
        </mapping>
        <mapping>
            <col_number>204</col_number>
            <import_field_name>WEB_TS_OVENREHEAT(en_GB)</import_field_name>
        </mapping>
        <mapping>
            <col_number>173</col_number>
            <import_field_name>WEB_TS_ELEVATEDSYS(en_GB)</import_field_name>
        </mapping>
        <mapping>
            <col_number>126</col_number>
            <import_field_name>WEB_FL_SLOWCOOK(en_GB)</import_field_name>
        </mapping>
        <mapping>
            <col_number>136</col_number>
            <import_field_name>WEB_FL_SUPERCONV(en_GB)</import_field_name>
        </mapping>
        <mapping>
            <col_number>203</col_number>
            <import_field_name>WEB_TS_OPV(en_GB)</import_field_name>
        </mapping>
        <mapping>
            <col_number>7</col_number>
            <import_field_name>WEB_FL_1500ML(en_GB)</import_field_name>
        </mapping>
        <mapping>
            <col_number>177</col_number>
            <import_field_name>WEB_TS_EXTRAWIDE(en_GB)</import_field_name>
        </mapping>
        <mapping>
            <col_number>17</col_number>
            <import_field_name>WEB_FL_AUTOTAMP(en_GB)</import_field_name>
        </mapping>
        <mapping>
            <col_number>40</col_number>
            <import_field_name>WEB_FL_COOKIES(en_GB)</import_field_name>
        </mapping>
        <mapping>
            <col_number>39</col_number>
            <import_field_name>WEB_FL_CONVEC(en_GB)</import_field_name>
        </mapping>
        <mapping>
            <col_number>78</col_number>
            <import_field_name>WEB_FL_HERBTEA(en_GB)</import_field_name>
        </mapping>
        <mapping>
            <col_number>132</col_number>
            <import_field_name>WEB_FL_SOFTLID(en_GB)</import_field_name>
        </mapping>
        <mapping>
            <col_number>30</col_number>
            <import_field_name>WEB_FL_CHICKWING(en_GB)</import_field_name>
        </mapping>
        <mapping>
            <col_number>247</col_number>
            <import_field_name>productDescription(en_GB)</import_field_name>
        </mapping>
        <mapping>
            <col_number>134</col_number>
            <import_field_name>WEB_FL_STARTTIME(en_GB)</import_field_name>
        </mapping>
        <mapping>
            <col_number>152</col_number>
            <import_field_name>WEB_TS_ASSISTLID(en_GB)</import_field_name>
        </mapping>
        <mapping>
            <col_number>175</col_number>
            <import_field_name>WEB_TS_EXTRACSYST(en_GB)</import_field_name>
        </mapping>
        <mapping>
            <col_number>181</col_number>
            <import_field_name>WEB_TS_HANDSFREE(en_GB)</import_field_name>
        </mapping>
        <mapping>
            <col_number>103</col_number>
            <import_field_name>WEB_FL_PEEL(en_GB)</import_field_name>
        </mapping>
        <mapping>
            <col_number>199</col_number>
            <import_field_name>WEB_TS_NONSTICKPLATE(en_GB)</import_field_name>
        </mapping>
        <mapping>
            <col_number>23</col_number>
            <import_field_name>WEB_FL_BREAD(en_GB)</import_field_name>
        </mapping>
        <mapping>
            <col_number>46</col_number>
            <import_field_name>WEB_FL_DEHYDSNACKS(en_GB)</import_field_name>
        </mapping>
        <mapping>
            <col_number>120</col_number>
            <import_field_name>WEB_FL_SHREDCHEESE(en_GB)</import_field_name>
        </mapping>
        <mapping>
            <col_number>169</col_number>
            <import_field_name>WEB_TS_DRIPTRAY(en_GB)</import_field_name>
        </mapping>
        <mapping>
            <col_number>159</col_number>
            <import_field_name>WEB_TS_BLADESYST(en_GB)</import_field_name>
        </mapping>
        <mapping>
            <col_number>218</col_number>
            <import_field_name>WEB_TS_PUMPES(en_GB)</import_field_name>
        </mapping>
        <mapping>
            <col_number>121</col_number>
            <import_field_name>WEB_FL_SHREDDISC(en_GB)</import_field_name>
        </mapping>
        <mapping>
            <col_number>239</col_number>
            <import_field_name>WEB_TS_TRIPHEATSYST(en_GB)</import_field_name>
        </mapping>
        <mapping>
            <col_number>16</col_number>
            <import_field_name>WEB_FL_AUTOOFF(en_GB)</import_field_name>
        </mapping>
        <mapping>
            <col_number>144</col_number>
            <import_field_name>WEB_PRODUCT_CATEGORY(en_GB)</import_field_name>
        </mapping>
        <mapping>
            <col_number>65</col_number>
            <import_field_name>WEB_FL_FRUIT(en_GB)</import_field_name>
        </mapping>
        <mapping>
            <col_number>208</col_number>
            <import_field_name>WEB_TS_PIDTEMPCONT(en_GB)</import_field_name>
        </mapping>
        <mapping>
            <col_number>240</col_number>
            <import_field_name>WEB_TS_TURNTABLE(en_GB)</import_field_name>
        </mapping>
        <mapping>
            <col_number>84</col_number>
            <import_field_name>WEB_FL_LATTE(en_GB)</import_field_name>
        </mapping>
        <mapping>
            <col_number>88</col_number>
            <import_field_name>WEB_FL_LRGECAP(en_GB)</import_field_name>
        </mapping>
        <mapping>
            <col_number>216</col_number>
            <import_field_name>WEB_TS_PREINFUSFUNC(en_GB)</import_field_name>
        </mapping>
        <mapping>
            <col_number>29</col_number>
            <import_field_name>WEB_FL_CASSEROLE(en_GB)</import_field_name>
        </mapping>
        <mapping>
            <col_number>43</col_number>
            <import_field_name>WEB_FL_CRUMBS(en_GB)</import_field_name>
        </mapping>
        <mapping>
            <col_number>118</col_number>
            <import_field_name>WEB_FL_SEMIAUTO(en_GB)</import_field_name>
        </mapping>
        <mapping>
            <col_number>210</col_number>
            <import_field_name>WEB_TS_PLATE(en_GB)</import_field_name>
        </mapping>
        <mapping>
            <col_number>2</col_number>
            <import_field_name>WEB_FL_045CQTCAP(en_GB)</import_field_name>
        </mapping>
        <mapping>
            <col_number>98</col_number>
            <import_field_name>WEB_FL_MULTIBWL(en_GB)</import_field_name>
        </mapping>
        <mapping>
            <col_number>67</col_number>
            <import_field_name>WEB_FL_FUNCPIZZA(en_GB)</import_field_name>
        </mapping>
        <mapping>
            <col_number>221</col_number>
            <import_field_name>WEB_TS_REHEAT(en_GB)</import_field_name>
        </mapping>
        <mapping>
            <col_number>108</col_number>
            <import_field_name>WEB_FL_PROGRAMLCD(en_GB)</import_field_name>
        </mapping>
        <mapping>
            <col_number>236</col_number>
            <import_field_name>WEB_TS_THERMOSTAT(en_GB)</import_field_name>
        </mapping>
        <mapping>
            <col_number>71</col_number>
            <import_field_name>WEB_FL_FUNCWARM(en_GB)</import_field_name>
        </mapping>
        <mapping>
            <col_number>12</col_number>
            <import_field_name>WEB_FL_AMERICANO(en_GB)</import_field_name>
        </mapping>
        <mapping>
            <col_number>182</col_number>
            <import_field_name>WEB_TS_HEATSYST(en_GB)</import_field_name>
        </mapping>
        <mapping>
            <col_number>198</col_number>
            <import_field_name>WEB_TS_NONSTICKCC(en_GB)</import_field_name>
        </mapping>
        <mapping>
            <col_number>244</col_number>
            <import_field_name>WEB_TS_WARRANTY(en_GB)</import_field_name>
        </mapping>
        <mapping>
            <col_number>77</col_number>
            <import_field_name>WEB_FL_HARDVEG(en_GB)</import_field_name>
        </mapping>
        <mapping>
            <col_number>86</col_number>
            <import_field_name>WEB_FL_LIGHT(en_GB)</import_field_name>
        </mapping>
        <mapping>
            <col_number>233</col_number>
            <import_field_name>WEB_TS_STEAMFINISH(en_GB)</import_field_name>
        </mapping>
        <mapping>
            <col_number>138</col_number>
            <import_field_name>WEB_FL_TOAST(en_GB)</import_field_name>
        </mapping>
        <mapping>
            <col_number>89</col_number>
            <import_field_name>WEB_FL_LRGEJUICE(en_GB)</import_field_name>
        </mapping>
        <mapping>
            <col_number>213</col_number>
            <import_field_name>WEB_TS_POWER(en_GB)</import_field_name>
        </mapping>
        <mapping>
            <col_number>24</col_number>
            <import_field_name>WEB_FL_BROIL(en_GB)</import_field_name>
        </mapping>
        <mapping>
            <col_number>112</col_number>
            <import_field_name>WEB_FL_ROAST14LBTUR(en_GB)</import_field_name>
        </mapping>
        <mapping>
            <col_number>3</col_number>
            <import_field_name>WEB_FL_060CQTCAP(en_GB)</import_field_name>
        </mapping>
        <mapping>
            <col_number>45</col_number>
            <import_field_name>WEB_FL_DEHY(en_GB)</import_field_name>
        </mapping>
        <mapping>
            <col_number>96</col_number>
            <import_field_name>WEB_FL_MILLFLOUR(en_GB)</import_field_name>
        </mapping>
        <mapping>
            <col_number>10</col_number>
            <import_field_name>WEB_FL_1L(en_GB)</import_field_name>
        </mapping>
        <mapping>
            <col_number>116</col_number>
            <import_field_name>WEB_FL_SALSA(en_GB)</import_field_name>
        </mapping>
        <mapping>
            <col_number>179</col_number>
            <import_field_name>WEB_TS_FROOJIE(en_GB)</import_field_name>
        </mapping>
        <mapping>
            <col_number>90</col_number>
            <import_field_name>WEB_FL_MACCHI(en_GB)</import_field_name>
        </mapping>
        <mapping>
            <col_number>99</col_number>
            <import_field_name>WEB_FL_NUTBUTT(en_GB)</import_field_name>
        </mapping>
        <mapping>
            <col_number>164</col_number>
            <import_field_name>WEB_TS_CONSTRUCMAT(en_GB)</import_field_name>
        </mapping>
        <mapping>
            <col_number>183</col_number>
            <import_field_name>WEB_TS_HEATUP(en_GB)</import_field_name>
        </mapping>
        <mapping>
            <col_number>146</col_number>
            <import_field_name>WEB_PRODUCT_NAME(en_GB)</import_field_name>
        </mapping>
        <mapping>
            <col_number>246</col_number>
            <import_field_name>productCallout(en_GB)</import_field_name>
        </mapping>
        <mapping>
            <col_number>5</col_number>
            <import_field_name>WEB_FL_100CQTCAP(en_GB)</import_field_name>
        </mapping>
        <mapping>
            <col_number>133</col_number>
            <import_field_name>WEB_FL_STAINSTL(en_GB)</import_field_name>
        </mapping>
        <mapping>
            <col_number>217</col_number>
            <import_field_name>WEB_TS_PREPARATION(en_GB)</import_field_name>
        </mapping>
        <mapping>
            <col_number>49</col_number>
            <import_field_name>WEB_FL_DOUGH(en_GB)</import_field_name>
        </mapping>
        <mapping>
            <col_number>119</col_number>
            <import_field_name>WEB_FL_SEPERATEGRIND(en_GB)</import_field_name>
        </mapping>
        <mapping>
            <col_number>76</col_number>
            <import_field_name>WEB_FL_GROUNDCOFF(en_GB)</import_field_name>
        </mapping>
        <mapping>
            <col_number>145</col_number>
            <import_field_name>WEB_PRODUCT_CATEGORY_CODE(en_GB)</import_field_name>
        </mapping>
        <mapping>
            <col_number>206</col_number>
            <import_field_name>WEB_TS_OVERLOADLED(en_GB)</import_field_name>
        </mapping>
        <mapping>
            <col_number>163</col_number>
            <import_field_name>WEB_TS_COMBSTEAM(en_GB)</import_field_name>
        </mapping>
        <mapping>
            <col_number>229</col_number>
            <import_field_name>WEB_TS_SETTINGS(en_GB)</import_field_name>
        </mapping>
        <mapping>
            <col_number>97</col_number>
            <import_field_name>WEB_FL_MUFFINS(en_GB)</import_field_name>
        </mapping>
        <mapping>
            <col_number>215</col_number>
            <import_field_name>WEB_TS_PRECTEMPCTRL(en_GB)</import_field_name>
        </mapping>
        <mapping>
            <col_number>42</col_number>
            <import_field_name>WEB_FL_CRDFREE(en_GB)</import_field_name>
        </mapping>
        <mapping>
            <col_number>110</col_number>
            <import_field_name>WEB_FL_PUREE(en_GB)</import_field_name>
        </mapping>
        <mapping>
            <col_number>214</col_number>
            <import_field_name>WEB_TS_POWERSAVE(en_GB)</import_field_name>
        </mapping>
        <mapping>
            <col_number>87</col_number>
            <import_field_name>WEB_FL_LRGEBL(en_GB)</import_field_name>
        </mapping>
        <mapping>
            <col_number>8</col_number>
            <import_field_name>WEB_FL_16CUP(en_GB)</import_field_name>
        </mapping>
        <mapping>
            <col_number>62</col_number>
            <import_field_name>WEB_FL_FRENCHPR(en_GB)</import_field_name>
        </mapping>
        <mapping>
            <col_number>36</col_number>
            <import_field_name>WEB_FL_COMPACT(en_GB)</import_field_name>
        </mapping>
        <mapping>
            <col_number>230</col_number>
            <import_field_name>WEB_TS_SINGLESTEAM(en_GB)</import_field_name>
        </mapping>
        <mapping>
            <col_number>59</col_number>
            <import_field_name>WEB_FL_FISHCAKE(en_GB)</import_field_name>
        </mapping>
        <mapping>
            <col_number>114</col_number>
            <import_field_name>WEB_FL_ROTATEREMIND(en_GB)</import_field_name>
        </mapping>
        <mapping>
            <col_number>101</col_number>
            <import_field_name>WEB_FL_NUTS(en_GB)</import_field_name>
        </mapping>
        <mapping>
            <col_number>190</col_number>
            <import_field_name>WEB_TS_LEDDISP(en_GB)</import_field_name>
        </mapping>
        <mapping>
            <col_number>128</col_number>
            <import_field_name>WEB_FL_SLOWJUICE(en_GB)</import_field_name>
        </mapping>
        <mapping>
            <col_number>232</col_number>
            <import_field_name>WEB_TS_SOUND(en_GB)</import_field_name>
        </mapping>
        <mapping>
            <col_number>157</col_number>
            <import_field_name>WEB_TS_AUTOSTEAMREL(en_GB)</import_field_name>
        </mapping>
        <mapping>
            <col_number>245</col_number>
            <import_field_name>WEB_TS_WEIGHT(en_GB)</import_field_name>
        </mapping>
        <mapping>
            <col_number>28</col_number>
            <import_field_name>WEB_FL_CAPP(en_GB)</import_field_name>
        </mapping>
        <mapping>
            <col_number>226</col_number>
            <import_field_name>WEB_TS_SAFETYSWITCH(en_GB)</import_field_name>
        </mapping>
        <mapping>
            <col_number>189</col_number>
            <import_field_name>WEB_TS_LCDDISP(en_GB)</import_field_name>
        </mapping>
        <mapping>
            <col_number>193</col_number>
            <import_field_name>WEB_TS_MESHFILTER(en_GB)</import_field_name>
        </mapping>
        <mapping>
            <col_number>81</col_number>
            <import_field_name>WEB_FL_JUICE(en_GB)</import_field_name>
        </mapping>
        <mapping>
            <col_number>100</col_number>
            <import_field_name>WEB_FL_NUTMILK(en_GB)</import_field_name>
        </mapping>
        <mapping>
            <col_number>51</col_number>
            <import_field_name>WEB_FL_DOUGHPROOF(en_GB)</import_field_name>
        </mapping>
        <mapping>
            <col_number>82</col_number>
            <import_field_name>WEB_FL_JUICECO(en_GB)</import_field_name>
        </mapping>
        <mapping>
            <col_number>6</col_number>
            <import_field_name>WEB_FL_12CUP(en_GB)</import_field_name>
        </mapping>
        <mapping>
            <col_number>142</col_number>
            <import_field_name>WEB_FL_WHTTEA(en_GB)</import_field_name>
        </mapping>
        <mapping>
            <col_number>33</col_number>
            <import_field_name>WEB_FL_COCKT(en_GB)</import_field_name>
        </mapping>
        <mapping>
            <col_number>69</col_number>
            <import_field_name>WEB_FL_FUNCREHEAT(en_GB)</import_field_name>
        </mapping>
        <mapping>
            <col_number>11</col_number>
            <import_field_name>WEB_FL_AIRFRY(en_GB)</import_field_name>
        </mapping>
        <mapping>
            <col_number>156</col_number>
            <import_field_name>WEB_TS_AUTOPURGE(en_GB)</import_field_name>
        </mapping>
        <mapping>
            <col_number>200</col_number>
            <import_field_name>WEB_TS_NSBOWLCK(en_GB)</import_field_name>
        </mapping>
        <mapping>
            <col_number>172</col_number>
            <import_field_name>WEB_TS_ELEMENTIQ(en_GB)</import_field_name>
        </mapping>
        <mapping>
            <col_number>94</col_number>
            <import_field_name>WEB_FL_MED(en_GB)</import_field_name>
        </mapping>
        <mapping>
            <col_number>19</col_number>
            <import_field_name>WEB_FL_BAKING(en_GB)</import_field_name>
        </mapping>
        <mapping>
            <col_number>80</col_number>
            <import_field_name>WEB_FL_HOTSOUP(en_GB)</import_field_name>
        </mapping>
        <mapping>
            <col_number>220</col_number>
            <import_field_name>WEB_TS_PURGEFUNC(en_GB)</import_field_name>
        </mapping>
        <mapping>
            <col_number>186</col_number>
            <import_field_name>WEB_TS_KEEPWARM(en_GB)</import_field_name>
        </mapping>
        <mapping>
            <col_number>237</col_number>
            <import_field_name>WEB_TS_TIMER(en_GB)</import_field_name>
        </mapping>
        <mapping>
            <col_number>241</col_number>
            <import_field_name>WEB_TS_USER(en_GB)</import_field_name>
        </mapping>
        <mapping>
            <col_number>122</col_number>
            <import_field_name>WEB_FL_SINGSERV(en_GB)</import_field_name>
        </mapping>
        <mapping>
            <col_number>58</col_number>
            <import_field_name>WEB_FL_FASTJUICE(en_GB)</import_field_name>
        </mapping>
        <mapping>
            <col_number>143</col_number>
            <import_field_name>WEB_FL_WIDECHUTE(en_GB)</import_field_name>
        </mapping>
        <mapping>
            <col_number>63</col_number>
            <import_field_name>WEB_FL_FRIES(en_GB)</import_field_name>
        </mapping>
        <mapping>
            <col_number>15</col_number>
            <import_field_name>WEB_FL_AUTOMILKTEXT(en_GB)</import_field_name>
        </mapping>
        <mapping>
            <col_number>180</col_number>
            <import_field_name>WEB_TS_GRINDINGMEC(en_GB)</import_field_name>
        </mapping>
        <mapping>
            <col_number>106</col_number>
            <import_field_name>WEB_FL_PIZZA(en_GB)</import_field_name>
        </mapping>
        <mapping>
            <col_number>195</col_number>
            <import_field_name>WEB_TS_MIXSYS(en_GB)</import_field_name>
        </mapping>
        <mapping>
            <col_number>153</col_number>
            <import_field_name>WEB_TS_AUTOCLEAN(en_GB)</import_field_name>
        </mapping>
        <mapping>
            <col_number>219</col_number>
            <import_field_name>WEB_TS_PUMPNE(en_GB)</import_field_name>
        </mapping>
        <mapping>
            <col_number>91</col_number>
            <import_field_name>WEB_FL_MANMILKTEXT(en_GB)</import_field_name>
        </mapping>
        <mapping>
            <col_number>44</col_number>
            <import_field_name>WEB_FL_CRUSHICE(en_GB)</import_field_name>
        </mapping>
        <mapping>
            <col_number>32</col_number>
            <import_field_name>WEB_FL_CITJUICE(en_GB)</import_field_name>
        </mapping>
        <mapping>
            <col_number>202</col_number>
            <import_field_name>WEB_TS_ONETOUCHTT(en_GB)</import_field_name>
        </mapping>
        <mapping>
            <col_number>56</col_number>
            <import_field_name>WEB_FL_ESPRESSO(en_GB)</import_field_name>
        </mapping>
        <mapping>
            <col_number>117</col_number>
            <import_field_name>WEB_FL_SAUCEDIP(en_GB)</import_field_name>
        </mapping>
        <mapping>
            <col_number>140</col_number>
            <import_field_name>WEB_FL_TOUCHSCREEN(en_GB)</import_field_name>
        </mapping>
        <mapping>
            <col_number>154</col_number>
            <import_field_name>WEB_TS_AUTOKEEPWARM(en_GB)</import_field_name>
        </mapping>
        <mapping>
            <col_number>50</col_number>
            <import_field_name>WEB_FL_DOUGHBLA(en_GB)</import_field_name>
        </mapping>
        <mapping>
            <col_number>109</col_number>
            <import_field_name>WEB_FL_PROGRAMOPT(en_GB)</import_field_name>
        </mapping>
        <mapping>
            <col_number>115</col_number>
            <import_field_name>WEB_FL_SALAD(en_GB)</import_field_name>
        </mapping>
        <mapping>
            <col_number>123</col_number>
            <import_field_name>WEB_FL_SJUICING(en_GB)</import_field_name>
        </mapping>
        <mapping>
            <col_number>139</col_number>
            <import_field_name>WEB_FL_TOUCHFUNC(en_GB)</import_field_name>
        </mapping>
        <mapping>
            <col_number>196</col_number>
            <import_field_name>WEB_TS_MOTOR(en_GB)</import_field_name>
        </mapping>
        <mapping>
            <col_number>113</col_number>
            <import_field_name>WEB_FL_ROASTCHICK(en_GB)</import_field_name>
        </mapping>
        <mapping>
            <col_number>185</col_number>
            <import_field_name>WEB_TS_INTGCOGRIND(en_GB)</import_field_name>
        </mapping>
        <mapping>
            <col_number>141</col_number>
            <import_field_name>WEB_FL_UPDOWNTIME(en_GB)</import_field_name>
        </mapping>
        <mapping>
            <col_number>211</col_number>
            <import_field_name>WEB_TS_PLATETILT(en_GB)</import_field_name>
        </mapping>
    </mappings>
</cmimportjob>
</cmimportjobs>